inf	inf	inf	inf	inf	inf	inf	inf	inf	inf	inf	inf	inf	inf	inf	inf	1	1	1	1	1	1	1	1	1	1	1	1	1	1	1	1	4	4	4	4	4	4	4	4
2	2	2	2	2	2	2	2	8	8	8	8	8	8	8	8	2	2	2	2	2	2	2	2	8	8	8	8	8	8	8	8	2	2	2	2	8	8	8	8
1	1	1	1	2	2	2	2	1	1	1	1	2	2	2	2	1	1	1	1	2	2	2	2	1	1	1	1	2	2	2	2	1	1	1	1	1	1	1	1
round	mIoU (train)	mIoU (test same)	mIoU (test diff)	round	mIoU (train)	mIoU (test same)	mIoU (test diff)	round	mIoU (train)	mIoU (test same)	mIoU (test diff)	round	mIoU (train)	mIoU (test same)	mIoU (test diff)	round	mIoU (train)	mIoU (test same)	mIoU (test diff)	round	mIoU (train)	mIoU (test same)	mIoU (test diff)	round	mIoU (train)	mIoU (test same)	mIoU (test diff)	round	mIoU (train)	mIoU (test same)	mIoU (test diff)	round	mIoU (train)	mIoU (test same)	mIoU (test diff)	round	mIoU (train)	mIoU (test same)	mIoU (test diff)
1	0,35512	0,35097	0,28057	1	0,36241	0,36033	0,28917	1	0,35872	0,3543	0,28353	1	0,36018	0,35897	0,27999	1	0,35641	0,35209	0,28013	2	0,35308	0,36109	0,27422	1	0,36083	0,35589	0,28748	2	0,35605	0,36071	0,277834	1	0,35599	0,35282	0,28081	1	0,35835	0,354	0,28414
2	0,35522	0,35425	0,27794	2	0,34558	0,34595	0,26388	2	0,36122	0,35907	0,28356	2	0,35648	0,36148	0,2748	2	0,35664	0,35452	0,27865	4	0,34333	0,35045	0,27768	2	0,35927	0,35636	0,27887	4	0,35375	0,36203	0,28188	2	0,35216	0,35225	0,27202	2	0,35933	0,35753	0,2801
3	0,35287	0,35391	0,27435	3	0,34801	0,35725	0,27042	3	0,36091	0,36249	0,28134	3	0,35469	0,36293	0,281	3	0,35569	0,35698	0,2753	6	0,34043	0,34576	0,27322	3	0,35788	0,35746	0,27821	6	0,35083	0,35769	0,28503	3	0,35213	0,35374	0,27363	3	0,36023	0,36123	0,27977
4	0,35257	0,3532	0,2777	4	0,35104	0,35912	0,27623	4	0,36097	0,36481	0,28247	4	0,34921	0,35779	0,27944	4	0,35397	0,35715	0,2724	8	0,33923	0,34642	0,2838	4	0,35487	0,35766	0,27413	8	0,3501	0,35627	0,2875	4	0,3549	0,35821	0,27511	4	0,35987	0,36121	0,28292
5	0,35197	0,35457	0,27203	5	0,35196	0,35347	0,28023	5	0,35847	0,36397	0,2804	5	0,34831	0,35518	0,28281	5	0,35617	0,35867	0,28173	10	0,33949	0,34489	0,27619	5	0,35247	0,35789	0,27374	10	0,34849	0,35328	0,28304	5	0,34954	0,35366	0,26729	5	0,35677	0,36079	0,27985
6	0,35151	0,35662	0,27052	6	0,35191	0,35611	0,2819	6	0,35771	0,36394	0,27923	6	0,34887	0,35613	0,28513	6	0,35014	0,35243	0,27175	12	0,34149	0,34682	0,28263	6	0,35304	0,35709	0,27315	12	0,34964	0,35442	0,28395	6	0,35417	0,35699	0,28147	6	0,35434	0,36012	0,27856
7	0,35016	0,35516	0,26913	7	0,34932	0,35252	0,28104	7	0,35838	0,36515	0,27925	7	0,34985	0,35653	0,28603	7	0,35297	0,35551	0,27492	14	0,34674	0,35179	0,29361	7	0,35297	0,35859	0,27412	14	0,34967	0,3542	0,28995	7	0,35256	0,35865	0,27896	7	0,35542	0,36229	0,278
8	0,34949	0,35669	0,26921	8	0,35253	0,35529	0,2913	8	0,35628	0,36279	0,27703	8	0,34924	0,35325	0,28426	8	0,35177	0,35722	0,28738	16	0,35068	0,35581	0,29362	8	0,35159	0,35791	0,27549	16	0,35144	0,3556	0,29273	8	0,34821	0,35344	0,27163	8	0,35166	0,35835	0,27463
9	0,34688	0,34935	0,26708	9	0,35596	0,36189	0,30217	9	0,35342	0,36128	0,2718	9	0,34992	0,35477	0,28332	9	0,35316	0,35944	0,28817	18	0,34744	0,35259	0,30085	9	0,34867	0,35715	0,27333	18	0,35071	0,35473	0,29292	9	0,34672	0,35044	0,26661	9	0,35319	0,36156	0,27944
10	0,34575	0,35004	0,27272	10	0,35231	0,35535	0,2927	10	0,35297	0,36134	0,27475	10	0,35042	0,35479	0,28214	10	0,35192	0,36029	0,28315	20	0,34911	0,35341	0,29886	10	0,35056	0,36019	0,27923	20	0,35156	0,35561	0,29035	10	0,34307	0,34657	0,26391	10	0,35192	0,36005	0,27835
11	0,34076	0,34616	0,26706	11	0,3549	0,35898	0,30111	11	0,35413	0,3614	0,27888	11	0,35163	0,35683	0,28724	11	0,34825	0,35717	0,27665	22	0,34897	0,35418	0,2885	11	0,34933	0,36004	0,27698	22	0,35322	0,35684	0,29699	11	0,34486	0,35099	0,27174	11	0,35214	0,36011	0,28199
12	0,34142	0,35159	0,27097	12	0,35302	0,35796	0,29006	12	0,35353	0,36173	0,27996	12	0,3513	0,35609	0,28682	12	0,34532	0,35472	0,27535	24	0,35201	0,35716	0,29841	12	0,34978	0,36079	0,28162	24	0,35358	0,35727	0,29364	12	0,34631	0,35499	0,28039	12	0,35077	0,35923	0,28008
13	0,34374	0,3552	0,27559	13	0,35295	0,35771	0,29372	13	0,35185	0,35961	0,27988	13	0,35145	0,35626	0,29112	13	0,34815	0,35601	0,28285	26	0,34735	0,35249	0,28977	13	0,3487	0,35915	0,28234	26	0,35151	0,35552	0,29056	13	0,34608	0,35237	0,27306	13	0,34895	0,35695	0,27602
14	0,34346	0,35438	0,27418	14	0,35176	0,35668	0,28668	14	0,3495	0,35689	0,27888	14	0,35236	0,35675	0,29477	14	0,34715	0,3554	0,28349	28	0,34622	0,35204	0,28398	14	0,34823	0,35869	0,28187	28	0,35297	0,35656	0,29399	14	0,34545	0,35153	0,26983	14	0,34756	0,35443	0,27629
15	0,34359	0,35185	0,27852	15	0,35091	0,35581	0,2848	15	0,35064	0,35985	0,28322	15	0,35381	0,35803	0,29806	15	0,34601	0,35369	0,28786	30	0,34506	0,35024	0,28275	15	0,34766	0,35677	0,28246	30	0,35385	0,35673	0,29638	15	0,34658	0,35098	0,27756	15	0,3456	0,3521	0,27656
16	0,34238	0,3489	0,27262	16	0,3508	0,35612	0,28195	16	0,3519	0,36116	0,28701	16	0,35324	0,35762	0,29407	16	0,3463	0,35114	0,28738	32	0,34684	0,35186	0,29319	16	0,34845	0,35778	0,27989	32	0,35319	0,35651	0,29038	16	0,34884	0,35557	0,27823	16	0,347	0,35386	0,28126
17	0,34419	0,34866	0,28247	17	0,35148	0,35624	0,29954	17	0,35206	0,36124	0,28912	17	0,3544	0,35835	0,29635	17	0,344	0,34901	0,27882	34	0,34762	0,35268	0,28622	17	0,34895	0,35676	0,28407	34	0,35325	0,35597	0,29308	17	0,34678	0,3557	0,27425	17	0,3473	0,35479	0,27763
18	0,34448	0,35003	0,2832	18	0,35041	0,35501	0,29182	18	0,35118	0,35795	0,28614	18	0,35323	0,35699	0,29509	18	0,3454	0,34985	0,28033	36	0,35123	0,35582	0,3093	18	0,34893	0,35598	0,28765	36	0,35364	0,35599	0,29242	18	0,34237	0,35038	0,26925	18	0,34747	0,35418	0,2787
19	0,34494	0,35222	0,28486	19	0,3497	0,3549	0,29289	19	0,3508	0,35721	0,28434	19	0,35325	0,35718	0,2938	19	0,3469	0,35321	0,28653	38	0,34948	0,35374	0,30048	19	0,34804	0,35547	0,28593	38	0,35413	0,35593	0,29913	19	0,34478	0,35249	0,26992	19	0,34804	0,35422	0,28152
20	0,34521	0,35154	0,28729	20	0,35106	0,35544	0,29128	20	0,35176	0,35766	0,28535	20	0,35282	0,35695	0,29375	20	0,34435	0,34764	0,27467	40	0,34815	0,35216	0,28895	20	0,3483	0,35562	0,28686	40	0,35313	0,35507	0,29652	20	0,34543	0,35398	0,27593	20	0,34603	0,35188	0,27831
21	0,34253	0,3463	0,27768	21	0,34846	0,35376	0,28778	21	0,35013	0,35649	0,2824	21	0,35284	0,35683	0,29339	21	0,34649	0,35082	0,27768	42	0,34665	0,34921	0,28957	21	0,34926	0,35578	0,28657	42	0,35222	0,35364	0,29595	21	0,34257	0,35003	0,271	21	0,34622	0,35181	0,27655
22	0,34489	0,34869	0,28436	22	0,34979	0,3543	0,28912	22	0,35067	0,35747	0,28665	22	0,35428	0,35786	0,29777	22	0,34632	0,34974	0,2793	44	0,34526	0,34878	0,28435	22	0,34861	0,35572	0,28203	44	0,35233	0,35467	0,29292	22	0,34692	0,35168	0,28006	22	0,34574	0,35126	0,27775
23	0,34482	0,34941	0,28527	23	0,34965	0,35407	0,28458	23	0,35096	0,35763	0,28665	23	0,35516	0,35848	0,29988	23	0,34912	0,354	0,29057	46	0,34833	0,35108	0,29295	23	0,34863	0,35379	0,28375	46	0,35131	0,35278	0,29072	23	0,3459	0,35113	0,28367	23	0,34728	0,35346	0,28162
24	0,34385	0,3476	0,2864	24	0,34894	0,35303	0,28354	24	0,35076	0,35698	0,28366	24	0,35513	0,35886	0,29733	24	0,34755	0,34986	0,28298	48	0,3454	0,34883	0,28234	24	0,35015	0,35626	0,28905	48	0,35246	0,35414	0,29542	24	0,34711	0,35226	0,29094	24	0,34807	0,35067	0,28603
25	0,34493	0,3483	0,28649	25	0,34861	0,35326	0,2927	25	0,35084	0,3552	0,2866	25	0,35475	0,35844	0,29585	25	0,34751	0,35125	0,28569	50	0,34761	0,35089	0,28177	25	0,35106	0,35657	0,29021	50	0,3515	0,35349	0,29229	25	0,34709	0,35269	0,28499	25	0,34819	0,3509	0,28551
26	0,34501	0,34854	0,28883	26	0,35156	0,35599	0,29169	26	0,35098	0,35506	0,28714	26	0,35467	0,35842	0,29609	26	0,34637	0,34936	0,28457	52	0,34644	0,34954	0,28638	26	0,35017	0,35302	0,2864	52	0,35062	0,35229	0,29003	26	0,34652	0,35241	0,28766	26	0,34824	0,35099	0,28822
27	0,34652	0,34907	0,29618	27	0,35218	0,35681	0,29619	27	0,351	0,35522	0,28732	27	0,35447	0,35761	0,29669	27	0,34674	0,34958	0,28659	54	0,34734	0,35018	0,2856	27	0,35105	0,35458	0,29032	54	0,35151	0,35275	0,29135	27	0,34512	0,34993	0,28676	27	0,34819	0,35129	0,28643
28	0,34621	0,34981	0,29318	28	0,35111	0,35468	0,28875	28	0,35086	0,35521	0,28503	28	0,35385	0,35692	0,29524	28	0,3461	0,35012	0,28701	56	0,34585	0,34715	0,28565	28	0,35151	0,35493	0,28929	56	0,35057	0,35215	0,28835	28	0,34399	0,34791	0,27768	28	0,34895	0,35233	0,28926
29	0,34546	0,34955	0,2915	29	0,35371	0,35725	0,29633	29	0,35077	0,35538	0,28806	29	0,35489	0,3581	0,29787	29	0,34766	0,35166	0,28368	58	0,34681	0,34748	0,28675	29	0,35126	0,35487	0,28868	58	0,35039	0,35119	0,28833	29	0,34474	0,34985	0,27516	29	0,34944	0,35281	0,28614
30	0,34438	0,34829	0,28482	30	0,35124	0,35573	0,3014	30	0,35128	0,35574	0,28819	30	0,35414	0,35731	0,29655	30	0,34583	0,34932	0,28186	60	0,34549	0,34691	0,28358	30	0,35063	0,35418	0,28646	60	0,3502	0,35102	0,28871	30	0,34834	0,35271	0,2774	30	0,34938	0,35299	0,28777
31	0,34658	0,35075	0,2917	31	0,34994	0,35463	0,28872	31	0,35031	0,35499	0,28481	31	0,35532	0,35839	0,29822	31	0,34931	0,35296	0,29021	62	0,34677	0,34821	0,29155	31	0,34968	0,35364	0,28474	62	0,34971	0,35038	0,28698	31	0,34738	0,35259	0,27926	31	0,34901	0,35244	0,28479
32	0,34671	0,35042	0,29566	32	0,35012	0,35489	0,2886	32	0,35084	0,35512	0,28685	32	0,35484	0,35803	0,29779	32	0,35057	0,35477	0,29574	64	0,34482	0,34643	0,28146	32	0,35111	0,35487	0,29132	64	0,34924	0,35012	0,28512	32	0,3466	0,35189	0,27497	32	0,3498	0,35319	0,28668
33	0,34502	0,34842	0,29584	33	0,35189	0,35544	0,29515	33	0,35119	0,35508	0,28705	33	0,35461	0,35781	0,29381	33	0,34939	0,35368	0,2902	66	0,34493	0,3469	0,27894	33	0,35062	0,35481	0,28697	66	0,34891	0,34929	0,28779	33	0,34451	0,34943	0,27097	33	0,34889	0,35302	0,2852
34	0,34595	0,34892	0,29794	34	0,35056	0,35372	0,29536	34	0,35043	0,35475	0,28705	34	0,35426	0,35674	0,29325	34	0,34957	0,35375	0,28797	68	0,34316	0,34368	0,27249	34	0,35153	0,35541	0,29047	68	0,34853	0,34875	0,28949	34	0,34429	0,34906	0,27539	34	0,3489	0,35306	0,28678
35	0,34636	0,35042	0,29125	35	0,3498	0,35355	0,28686	35	0,35172	0,35618	0,28963	35	0,35444	0,35691	0,30061	35	0,34956	0,35379	0,29565	70	0,34251	0,34409	0,2807	35	0,35121	0,35508	0,2876	70	0,34832	0,34889	0,28628	35	0,34844	0,35332	0,2858	35	0,35009	0,35375	0,29213
36	0,3462	0,35025	0,29107	36	0,35217	0,3558	0,29022	36	0,35186	0,35645	0,28956	36	0,35505	0,35757	0,29683	36	0,35092	0,35404	0,29946	72	0,34102	0,34187	0,26702	36	0,35139	0,35464	0,29161	72	0,34836	0,34863	0,28651	36	0,34676	0,35198	0,28638	36	0,34951	0,35314	0,29154
37	0,34639	0,35063	0,29581	37	0,35192	0,3553	0,2919	37	0,35215	0,3567	0,29178	37	0,35515	0,35745	0,29417	37	0,35014	0,35403	0,29577	74	0,34342	0,34626	0,28889	37	0,35078	0,35434	0,28885	74	0,34821	0,34866	0,28699	37	0,34626	0,35058	0,28178	37	0,34955	0,35355	0,29175
38	0,3449	0,349	0,29221	38	0,35078	0,35449	0,29086	38	0,3524	0,35682	0,29169	38	0,35446	0,35709	0,29368	38	0,34902	0,35311	0,29068	76	0,34189	0,34203	0,28104	38	0,35059	0,3546	0,2888	76	0,34764	0,34836	0,28565	38	0,34825	0,35274	0,28458	38	0,34987	0,35429	0,28671
39	0,34564	0,34873	0,29939	39	0,35042	0,35284	0,29125	39	0,35206	0,35662	0,28983	39	0,35454	0,35685	0,29808	39	0,34796	0,35229	0,28807	78	0,33965	0,33917	0,27222	39	0,35039	0,35457	0,28778	78	0,34684	0,34725	0,28762	39	0,34898	0,35381	0,2939	39	0,34926	0,35312	0,28755
40	0,34505	0,34884	0,29503	40	0,35188	0,35476	0,3036	40	0,35221	0,35676	0,29137	40	0,35438	0,35672	0,29817	40	0,34898	0,35288	0,28494	80	0,34154	0,34316	0,28294	40	0,35078	0,35506	0,28952	80	0,34658	0,34679	0,28646	40	0,34931	0,35364	0,29809	40	0,34872	0,35304	0,28753
41	0,34638	0,3499	0,29174	41	0,35093	0,35294	0,29653	41	0,3525	0,35714	0,29207	41	0,35425	0,35589	0,29657	41	0,34695	0,35107	0,28135	82	0,3424	0,3435	0,2872	41	0,35035	0,35485	0,28866	82	0,34587	0,34609	0,28095	41	0,34991	0,35405	0,29465	41	0,34879	0,35274	0,28875
42	0,34619	0,34961	0,29316	42	0,347	0,35034	0,28427	42	0,35225	0,35727	0,29103	42	0,35461	0,35622	0,29749	42	0,34611	0,34988	0,28648	84	0,34175	0,34269	0,28585	42	0,35021	0,35452	0,29044	84	0,34575	0,34538	0,28282	42	0,34737	0,35238	0,28845	42	0,34935	0,35372	0,28512
43	0,34596	0,34956	0,29432	43	0,35063	0,35329	0,28415	43	0,3528	0,35743	0,29506	43	0,35341	0,35607	0,29323	43	0,34585	0,3503	0,28166	86	0,34017	0,33967	0,28352	43	0,35065	0,35513	0,29124	86	0,34556	0,34468	0,2854	43	0,34805	0,35256	0,28731	43	0,35029	0,35456	0,2905
44	0,34364	0,34758	0,28435	44	0,35067	0,35298	0,28701	44	0,35231	0,35712	0,29455	44	0,35372	0,35632	0,29327	44	0,35018	0,3541	0,29171	88	0,34059	0,34079	0,27509	44	0,35104	0,35522	0,29297	88	0,34541	0,34468	0,28638	44	0,3496	0,35403	0,28491	44	0,35071	0,35463	0,29004
45	0,34463	0,34892	0,28803	45	0,35043	0,35266	0,29397	45	0,35204	0,35708	0,29358	45	0,35355	0,35581	0,29382	45	0,35057	0,35463	0,29076	90	0,34066	0,34011	0,27455	45	0,35189	0,35593	0,29436	90	0,34492	0,34462	0,28333	45	0,34996	0,3543	0,29772	45	0,35014	0,35413	0,28857
46	0,34764	0,35139	0,29612	46	0,35054	0,35201	0,28558	46	0,35196	0,35709	0,29179	46	0,35365	0,35593	0,29406	46	0,35112	0,35538	0,29371	92	0,33816	0,3391	0,26826	46	0,35184	0,35586	0,29432	92	0,34453	0,34399	0,28364	46	0,34789	0,35284	0,28998	46	0,3503	0,3544	0,2873
47	0,34529	0,34916	0,28587	47	0,3509	0,3521	0,28746	47	0,35229	0,35689	0,29256	47	0,35365	0,35532	0,29377	47	0,34967	0,3536	0,29697	94	0,33785	0,33934	0,26726	47	0,35246	0,35631	0,2952	94	0,3439	0,34459	0,28412	47	0,34766	0,35263	0,29018	47	0,35093	0,35517	0,28981
48	0,34575	0,34978	0,2891	48	0,34657	0,3469	0,28996	48	0,35246	0,35704	0,29302	48	0,35421	0,35608	0,29654	48	0,35096	0,35512	0,30196	96	0,34055	0,34093	0,28618	48	0,35237	0,35638	0,2951	96	0,34397	0,34317	0,28535	48	0,34846	0,35287	0,28939	48	0,35167	0,35556	0,29257
49	0,34655	0,35078	0,28626	49	0,34792	0,34924	0,28927	49	0,35258	0,35718	0,29599	49	0,35398	0,3557	0,29775	49	0,35078	0,35558	0,29771	98	0,33743	0,33787	0,26881	49	0,35243	0,35636	0,29473	98	0,34355	0,34246	0,28381	49	0,34836	0,35253	0,29085	49	0,35138	0,35559	0,28926
50				50	0,34718	0,34859	0,28599	50	0,35161	0,35662	0,29161	50	0,35254	0,35445	0,29335	50	0,35077	0,35584	0,29757	100	0,34108	0,34148	0,28748	50	0,35202	0,35565	0,29385	100	0,34273	0,34219	0,28058	50	0,35046	0,3542	0,29258	50	0,35095	0,35546	0,29003
53	0,3464	0,35069	0,28906	53	0,34673	0,34826	0,2842	53	0,35132	0,35653	0,29078	53	0,3523	0,3535	0,29192	53	0,35159	0,35566	0,2972	102	0,33707	0,33793	0,26659	53	0,35198	0,35643	0,29135	102	0,34302	0,34289	0,28299	53	0,34979	0,35389	0,28963	53	0,35144	0,35562	0,28935
56	0,34708	0,35036	0,28706	56	0,34639	0,34725	0,28375	56	0,35283	0,35759	0,2926	56	0,35165	0,35339	0,29477	56	0,35113	0,35513	0,2942	104	0,34008	0,34026	0,29079	56	0,3519	0,35642	0,29079	104	0,34259	0,34204	0,28054	56	0,3505	0,35442	0,29048	56	0,35141	0,35542	0,29036
59	0,34669	0,34956	0,28456	59	0,3436	0,34613	0,27892	59	0,35265	0,35744	0,29475	59	0,35184	0,35338	0,29237	59	0,35266	0,35632	0,30582	106	0,33851	0,33874	0,28033	59	0,35079	0,35552	0,28931	106	0,34241	0,34155	0,27989	59	0,34929	0,35349	0,28484	59	0,35083	0,35538	0,28948
62	0,34834	0,35163	0,29808	62	0,34562	0,34601	0,29305	62	0,35367	0,35809	0,29455	62	0,35059	0,35155	0,29627	62	0,35056	0,35522	0,29743	108	0,33891	0,33834	0,28159	62	0,35216	0,35679	0,2908	108	0,34131	0,34034	0,27848	62	0,35067	0,35454	0,2864	62	0,35191	0,35619	0,29303
65	0,34845	0,35173	0,29381	65	0,34576	0,34722	0,28232	65	0,35314	0,35801	0,29584	65	0,35046	0,35131	0,28976	65	0,35316	0,35692	0,29418	110	0,33742	0,33683	0,27749	65	0,35292	0,35697	0,2941	110	0,34183	0,34119	0,28055	65	0,35199	0,35564	0,28977	65	0,35203	0,35629	0,2901
68	0,34874	0,35173	0,29553	68	0,34646	0,3471	0,28276	68	0,35375	0,35839	0,2963	68	0,35002	0,35114	0,29255	68	0,35336	0,3566	0,29637	112	0,33842	0,33895	0,28385	68	0,3531	0,35697	0,29538	112	0,34175	0,34079	0,28175	68	0,35076	0,35429	0,29389	68	0,35164	0,35546	0,29356
71	0,3499	0,35253	0,29433	71	0,34775	0,34804	0,28781	71	0,3545	0,35849	0,29803	71	0,34902	0,34977	0,2856	71	0,35187	0,35626	0,29058	114	0,33381	0,33169	0,26642	71	0,35353	0,35728	0,29365	114	0,34138	0,34076	0,27995	71	0,34932	0,35294	0,30021	71	0,35204	0,35579	0,29515
74	0,34974	0,35293	0,29088	74	0,34477	0,34549	0,28781	74	0,35254	0,35741	0,29409	74	0,34848	0,34987	0,29226	74	0,35129	0,35496	0,28975	116	0,33639	0,33519	0,27614	74	0,35363	0,35731	0,29256	116	0,34094	0,33985	0,2842	74	0,35074	0,35378	0,28865	74	0,35107	0,3557	0,2921
77	0,34837	0,35172	0,28925	77	0,34611	0,34674	0,28715	77	0,35361	0,35752	0,29654	77	0,34799	0,3485	0,2855	77	0,35189	0,3551	0,29628	118	0,33624	0,33534	0,27446	77	0,35309	0,35649	0,29351	118	0,34083	0,33999	0,28162	77	0,35004	0,35338	0,29156	77	0,3519	0,35624	0,2954
80	0,34942	0,35251	0,29254	80	0,34489	0,34483	0,28442	80	0,35394	0,35752	0,29653	80	0,34882	0,34918	0,29141	80	0,35225	0,35568	0,29769	120	0,33138	0,33087	0,26141	80	0,35459	0,35781	0,29787	120	0,33976	0,33816	0,27989	80	0,35151	0,35436	0,29197	80	0,35267	0,35707	0,29656
83	0,3474	0,35105	0,28649	83	0,34406	0,34349	0,29152	83	0,35361	0,35749	0,29512	83	0,34742	0,34816	0,29248	83	0,35167	0,35551	0,28837	122	0,33523	0,33514	0,27354	83	0,35375	0,35689	0,29624	122	0,33984	0,33952	0,27968	83	0,351	0,35439	0,29409	83	0,35168	0,35585	0,29583
86	0,34874	0,35192	0,29279	86	0,34477	0,34503	0,28824	86	0,35357	0,35767	0,298	86	0,34693	0,3471	0,28351	86	0,35256	0,35545	0,28847	124	0,3317	0,33102	0,25967	86	0,35422	0,35672	0,29683	124	0,33964	0,33895	0,28235	86	0,35214	0,35585	0,29856	86	0,35247	0,35626	0,29717
89	0,34752	0,35083	0,28724	89	0,34409	0,34339	0,28418	89	0,35472	0,35838	0,296	89	0,34639	0,34622	0,28964	89	0,35131	0,35533	0,29635	126	0,33148	0,33139	0,2629	89	0,35425	0,3571	0,2959	126	0,33927	0,33831	0,27953	89	0,35299	0,35549	0,30148	89	0,35193	0,35527	0,29582
92	0,34968	0,35265	0,28894	92	0,34498	0,34457	0,28335	92	0,35429	0,35788	0,29718	92	0,34617	0,34616	0,28718	92	0,34977	0,35285	0,29485	128	0,33335	0,33193	0,2667	92	0,35376	0,35661	0,29146	128	0,33869	0,33739	0,27991	92	0,35173	0,35443	0,29385	92	0,35248	0,35614	0,29749
95	0,35082	0,35402	0,29137	95	0,34203	0,34159	0,27835	95	0,35482	0,35791	0,29943	95	0,34609	0,3463	0,2853	95	0,35229	0,35421	0,29106	130	0,33579	0,33454	0,28122	95	0,35414	0,35674	0,29517	130	0,33802	0,33688	0,27575	95	0,35153	0,35491	0,29431	95	0,35194	0,35548	0,29139
98	0,3494	0,3526	0,29005	98	0,34346	0,3433	0,28347	98	0,35486	0,35791	0,30086	98	0,34513	0,34548	0,2821	98	0,35116	0,35387	0,28951	132	0,33394	0,33327	0,271	98	0,35473	0,35734	0,29689	132	0,33725	0,33648	0,27345	98	0,35164	0,35472	0,29497	98	0,35236	0,35575	0,29521
101	0,34666	0,34915	0,28938	101	0,34168	0,34108	0,2786	101	0,35459	0,35778	0,29807	101	0,34461	0,3444	0,28366	101	0,35198	0,35497	0,29675	134	0,33259	0,33154	0,27363	101	0,35379	0,35662	0,29561	134	0,33705	0,33541	0,27321	101	0,35162	0,35491	0,29344	101	0,35256	0,35601	0,29464
104	0,35001	0,35281	0,29675	104	0,34212	0,34166	0,27735	104	0,35472	0,35773	0,30026	104	0,34455	0,34428	0,28429	104	0,35184	0,35488	0,29455	136	0,33291	0,33446	0,27301	104	0,35423	0,3567	0,2958	136	0,33716	0,33576	0,27462	104	0,35035	0,35336	0,29332	104	0,35252	0,35541	0,29451
107	0,35025	0,35281	0,29658	107	0,34066	0,34021	0,27942	107	0,35466	0,35782	0,29936	107	0,34347	0,34332	0,2812	107	0,35144	0,35323	0,29434	138	0,32971	0,32989	0,26265	107	0,35375	0,35574	0,29901	138	0,33706	0,33592	0,27611	107	0,35333	0,35634	0,30296	107	0,35272	0,35553	0,29403
110	0,35091	0,35349	0,30211	110	0,3421	0,34159	0,28147	110	0,35454	0,35758	0,29769	110	0,34345	0,34367	0,28633	110	0,35129	0,35349	0,29604	140	0,33082	0,32971	0,27092	110	0,3538	0,35568	0,29676	140	0,33729	0,33634	0,27725	110	0,35265	0,3554	0,29308	110	0,35182	0,3546	0,29342
113	0,35102	0,35353	0,30175	113	0,33999	0,33984	0,28319	113	0,35409	0,35737	0,29571	113	0,34268	0,34273	0,28175	113	0,35225	0,35335	0,29818	142	0,32999	0,32837	0,26849	113	0,35376	0,35559	0,29788	142	0,33684	0,33592	0,27427	113	0,35357	0,35616	0,29214	113	0,35299	0,35578	0,2943
116	0,34959	0,35218	0,29272	116	0,33866	0,33711	0,2822	116	0,35459	0,35787	0,29612	116	0,34248	0,34234	0,28432	116	0,35226	0,35406	0,29175	144	0,33127	0,32989	0,26933	116	0,35378	0,35544	0,29667	144	0,33619	0,33531	0,27369	116	0,35285	0,35586	0,29298	116	0,35306	0,35546	0,29422
119	0,34895	0,35114	0,29307	119	0,33974	0,33833	0,27907	119	0,35478	0,35768	0,29919	119	0,34208	0,34193	0,28375	119	0,35091	0,3525	0,29748	146	0,32869	0,32699	0,25704	119	0,35379	0,3554	0,2984	146	0,33397	0,33292	0,26704	119	0,35288	0,35592	0,29403	119	0,35287	0,3554	0,29539
122	0,34987	0,35282	0,29619	122	0,33851	0,33733	0,27792	122	0,35457	0,35761	0,29989	122	0,34121	0,33983	0,27848	122	0,3512	0,35382	0,29288	148	0,32943	0,32777	0,26721	122	0,35322	0,35571	0,29416	148	0,33589	0,33488	0,27369	122	0,35244	0,35566	0,29152	122	0,35294	0,35532	0,29497
125	0,34954	0,35173	0,29122	125	0,33842	0,33685	0,28558	125	0,35445	0,35744	0,29899	125	0,341	0,33967	0,27994	125	0,3513	0,35385	0,29901	150	0,33108	0,32978	0,26848	125	0,35323	0,35542	0,29297	150	0,33565	0,33422	0,27498	125	0,3527	0,35504	0,29386	125	0,3527	0,35511	0,29771
128	0,34921	0,35096	0,29091	128	0,33703	0,33489	0,27359	128	0,35414	0,35692	0,29746	128	0,34122	0,34062	0,28301	128	0,34971	0,35126	0,29076	152	0,32744	0,32619	0,25712	128	0,35334	0,35476	0,29202	152	0,33449	0,3327	0,27184	128	0,35218	0,35399	0,30302	128	0,35239	0,35452	0,29382
131	0,34859	0,35019	0,29049	131	0,33899	0,33791	0,28709	131	0,35373	0,35692	0,29672	131	0,3405	0,33992	0,28143	131	0,3523	0,35399	0,29348	154	0,32827	0,32699	0,25988	131	0,3536	0,35545	0,29529	154	0,33514	0,33324	0,27578	131	0,35313	0,35539	0,29454	131	0,35224	0,35443	0,29341
134	0,34862	0,35135	0,2892	134	0,3373	0,33625	0,28369	134	0,35404	0,35654	0,29661	134	0,33992	0,33862	0,27718	134	0,35278	0,35473	0,29668	156	0,33011	0,32861	0,26718	134	0,35379	0,35532	0,29667	156	0,3339	0,33222	0,26941	134	0,35306	0,35526	0,30042	134	0,35256	0,35545	0,29567
137	0,34945	0,35136	0,28795	137	0,3332	0,33322	0,26643	137	0,35403	0,35614	0,30011	137	0,33949	0,33845	0,27925	137	0,35226	0,35402	0,2882	158	0,32912	0,32702	0,26825	137	0,35325	0,35473	0,29831	158	0,33471	0,33294	0,27655	137	0,35313	0,35618	0,2968	137	0,35178	0,35394	0,29508
140	0,34926	0,35117	0,2932	140	0,33675	0,33465	0,28099	140	0,35379	0,3563	0,29593	140	0,33832	0,33754	0,27699	140	0,35222	0,35374	0,29949	160	0,32989	0,32995	0,26849	140	0,35354	0,35525	0,29808	160	0,33451	0,33244	0,27278	140	0,35276	0,35568	0,29292	140	0,35221	0,35452	0,29408
143	0,34993	0,35185	0,30085	143	0,33546	0,33371	0,2776	143	0,35368	0,35626	0,29687	143	0,3388	0,33754	0,2779	143	0,35226	0,35443	0,29309	162	0,33048	0,32915	0,27332	143	0,35287	0,35464	0,29384	162	0,33441	0,33267	0,27213	143	0,35276	0,35381	0,29585	143	0,35174	0,35356	0,29443
146	0,34947	0,35113	0,29316	146	0,33388	0,33182	0,27414	146	0,35388	0,35627	0,29451	146	0,33839	0,33718	0,27885	146	0,352	0,35374	0,28731	164	0,32884	0,32719	0,27024	146	0,35291	0,35416	0,29619	164	0,33363	0,33224	0,27199	146	0,35273	0,35535	0,29756	146	0,35166	0,35331	0,29428
149	0,35051	0,35196	0,29325	149	0,33421	0,33175	0,27629	149	0,35393	0,35638	0,29465	149	0,33828	0,33677	0,27672	149	0,35125	0,35305	0,28547	166	0,32828	0,32623	0,26919	149	0,35312	0,35441	0,29645	166	0,334	0,33268	0,2746	149	0,35173	0,35277	0,29664	149	0,35123	0,35312	0,29619
152	0,34789	0,34959	0,28616	152	0,33406	0,33174	0,27325	152	0,35363	0,35586	0,29303	152	0,33781	0,33649	0,27624	152	0,35299	0,35518	0,29949	168	0,32954	0,32782	0,26975	152	0,35265	0,35433	0,29391	168	0,33354	0,33263	0,27403	152	0,35302	0,35433	0,29749	152	0,35135	0,35313	0,29181
155	0,34819	0,35008	0,28795	155	0,33635	0,33341	0,28427	155	0,3535	0,35575	0,29663	155	0,33701	0,33569	0,2743	155	0,35155	0,35309	0,28858	170	0,32929	0,328	0,26641	155	0,35289	0,35423	0,2961	170	0,33367	0,33204	0,27481	155	0,35239	0,35376	0,29812	155	0,35153	0,35333	0,29633
158	0,34802	0,34936	0,28405	158	0,33297	0,33059	0,27921	158	0,35358	0,35597	0,29631	158	0,33605	0,3347	0,27639	158	0,3522	0,35399	0,29613	172	0,32597	0,3248	0,26434	158	0,35218	0,3534	0,29442	172	0,3334	0,33195	0,27486	158	0,3527	0,35486	0,29927	158	0,35165	0,35326	0,29446
161	0,35017	0,35204	0,29565	161	0,33296	0,33109	0,27465	161	0,35376	0,35587	0,29848	161	0,33622	0,33496	0,27547	161	0,35111	0,35214	0,2933	174	0,32652	0,32514	0,26051	161	0,35204	0,35344	0,29623	174	0,33208	0,33037	0,26789	161	0,3528	0,35466	0,29824	161	0,35127	0,35294	0,29026
164	0,34934	0,35092	0,2951	164	0,32969	0,32765	0,26827	164	0,35338	0,35561	0,29495	164	0,33598	0,33479	0,27481	164	0,35133	0,35281	0,2917	176	0,3285	0,32815	0,27009	164	0,35256	0,3538	0,29502	176	0,33219	0,33034	0,2721	164	0,35207	0,35402	0,29536	164	0,35138	0,35333	0,29011
167	0,3495	0,35054	0,29493	167	0,3316	0,33067	0,2672	167	0,35372	0,35544	0,2976	167	0,33585	0,33453	0,27736	167	0,3527	0,35358	0,30271	178	0,32857	0,32735	0,27255	167	0,35205	0,3531	0,295	178	0,33244	0,33014	0,27108	167	0,35145	0,35258	0,30111	167	0,35152	0,35313	0,29358
170	0,34852	0,34943	0,2942	170	0,33166	0,32882	0,27111	170	0,35312	0,35528	0,29384	170	0,3351	0,3335	0,27048	170	0,35177	0,35238	0,30126	180	0,32763	0,32609	0,26449	170	0,35222	0,35328	0,2944	180	0,33249	0,33088	0,27314	170	0,35131	0,35219	0,29707	170	0,35138	0,35324	0,29005
173	0,35041	0,35142	0,29588	173	0,32924	0,32764	0,26347	173	0,353	0,35494	0,29231	173	0,33452	0,33264	0,2722	173	0,35086	0,35247	0,29914	182	0,32684	0,32569	0,26469	173	0,35266	0,35385	0,29638	182	0,33204	0,32968	0,27195	173	0,35254	0,3543	0,30485	173	0,35095	0,35242	0,29081
176	0,34728	0,34836	0,28577	176	0,33243	0,33051	0,28159	176	0,35299	0,35523	0,29504	176	0,33431	0,33254	0,27137	176	0,35092	0,35167	0,28926	184	0,3278	0,32652	0,27118	176	0,35162	0,35254	0,29697	184	0,33131	0,32889	0,27168	176	0,35228	0,3537	0,29205	176	0,35095	0,35222	0,29221
179	0,34749	0,34886	0,28579	179	0,33039	0,3285	0,26381	179	0,35264	0,35471	0,29545	179	0,33418	0,33233	0,27156	179	0,34944	0,3504	0,28851	186	0,32518	0,32483	0,26415	179	0,35136	0,35249	0,29272	186	0,33189	0,33045	0,27108	179	0,35127	0,35345	0,29335	179	0,35085	0,35232	0,29285
182	0,34672	0,34748	0,28285	182	0,33116	0,32874	0,26888	182	0,35224	0,35407	0,2938	182	0,33396	0,33235	0,27322	182	0,34858	0,34897	0,29329	188	0,32392	0,32228	0,25721	182	0,35143	0,35244	0,29127	188	0,3313	0,32923	0,27042	182	0,35138	0,3533	0,2929	182	0,3504	0,35165	0,29252
185	0,34855	0,34978	0,28563	185	0,33043	0,32866	0,27474	185	0,35219	0,35396	0,29394	185	0,3333	0,33178	0,27254	185	0,35041	0,35097	0,29342	190	0,32547	0,32515	0,26052	185	0,35108	0,35211	0,29179	190	0,33128	0,32915	0,27151	185	0,35065	0,35294	0,29391	185	0,34995	0,35166	0,28975
188	0,34908	0,35065	0,29815	188	0,32968	0,32725	0,26698	188	0,35207	0,35391	0,29228	188	0,33337	0,33163	0,27322	188	0,35157	0,35347	0,29476	192	0,32587	0,32479	0,26436	188	0,35074	0,35156	0,28985	192	0,33097	0,32952	0,27102	188	0,35176	0,35312	0,29857	188	0,35046	0,35144	0,29208
191	0,34836	0,34917	0,29382	191	0,33205	0,32956	0,27306	191	0,35173	0,35323	0,29551	191	0,33354	0,33192	0,27544	191	0,35053	0,35125	0,29104	194	0,32522	0,32444	0,26871	191	0,35079	0,35192	0,29389	194	0,33131	0,32961	0,27221	191	0,35114	0,35284	0,29533	191	0,34958	0,35084	0,28992
194	0,34728	0,34794	0,285	194	0,3273	0,32578	0,26138	194	0,35163	0,35318	0,29647	194	0,33329	0,33146	0,27156	194	0,35036	0,35176	0,30021	196	0,3245	0,32402	0,26028	194	0,35069	0,35164	0,2907	196	0,33118	0,32908	0,27218	194	0,35058	0,35171	0,29721	194	0,35003	0,35056	0,29176
197	0,34887	0,35078	0,29909	197	0,32797	0,32504	0,27274	197	0,35148	0,35313	0,29502	197	0,33231	0,3305	0,26941	197	0,35148	0,35211	0,29989	198	0,32208	0,32252	0,24917	197	0,35072	0,35112	0,29113	198	0,33139	0,32949	0,2729	197	0,35013	0,35069	0,29523	197	0,34878	0,35019	0,29055
200	0,34875	0,34941	0,2946	200	0,32886	0,32655	0,26644	200	0,35134	0,35291	0,2919	200	0,33152	0,32967	0,26949	200	0,35111	0,35206	0,29036	200	0,32414	0,32393	0,26061	200	0,35046	0,35088	0,29277	200	0,3311	0,32862	0,27365	200	0,34981	0,35072	0,29274	200	0,34993	0,35084	0,2926